{"frames":{"a1_boss.png":{"frame":{"x":1267,"y":155,"w":276,"h":31},"rotated":false,"trimmed":false,"spriteSourceSize":{"x":0,"y":0,"w":276,"h":31},"sourceSize":{"w":276,"h":31},"anim":{"idle":[{"x":5,"y":2,"w":22,"h":28,"ox":0,"oy":0}],"attack":[{"x":47,"y":7,"w":27,"h":23,"ox":-2,"oy":2},{"x":92,"y":7,"w":27,"h":23,"ox":-3,"oy":2},{"x":147,"y":10,"w":35,"h":20,"ox":10,"oy":4,"atk":{"x":15,"y":0,"w":20,"h":20}},{"x":193,"y":10,"w":34,"h":20,"ox":10,"oy":4},{"x":238,"y":9,"w":31,"h":21,"ox":7,"oy":3}]}},"a1_rabbit.png":{"frame":{"x":1095,"y":0,"w":420,"h":20},"rotated":false,"trimmed":false,"spriteSourceSize":{"x":0,"y":0,"w":420,"h":20},"sourceSize":{"w":420,"h":20},"anim":{"idle":[{"x":1,"y":3,"w":17,"h":15,"ox":0,"oy":0}],"attack":[{"x":31,"y":2,"w":16,"h":16,"ox":0,"oy":0},{"x":61,"y":1,"w":23,"h":17,"ox":3,"oy":-1,"atk":{"x":6,"y":0,"w":17,"h":17}},{"x":91,"y":2,"w":19,"h":16,"ox":1,"oy":0}],"move":[{"x":1,"y":3,"w":17,"h":15,"ox":0,"oy":0},{"x":181,"y":2,"w":17,"h":16,"ox":0,"oy":0},{"x":1,"y":3,"w":17,"h":15,"ox":0,"oy":0},{"x":240,"y":1,"w":18,"h":17,"ox":0,"oy":-1}],"inactive":[{"x":121,"y":3,"w":17,"h":15,"ox":0,"oy":0}],"emerge":[{"x":271,"y":3,"w":17,"h":15,"ox":0,"oy":0},{"x":301,"y":3,"w":17,"h":15,"ox":0,"oy":0},{"x":331,"y":3,"w":17,"h":15,"ox":0,"oy":0},{"x":361,"y":3,"w":17,"h":15,"ox":0,"oy":0},{"x":391,"y":3,"w":17,"h":15,"ox":0,"oy":0}]}},"a1_rock.png":{"frame":{"x":1515,"y":0,"w":100,"h":20},"rotated":false,"trimmed":false,"spriteSourceSize":{"x":0,"y":0,"w":100,"h":20},"sourceSize":{"w":100,"h":20},"anim":{"idle":[{"x":3,"y":4,"w":12,"h":14,"ox":0,"oy":0}],"attack":[{"x":22,"y":5,"w":13,"h":13,"ox":-1,"oy":0},{"x":43,"y":4,"w":14,"h":14,"ox":1,"oy":0},{"x":63,"y":1,"w":17,"h":17,"ox":2,"oy":-2,"atk":{"x":6,"y":0,"w":11,"h":17}},{"x":83,"y":1,"w":16,"h":17,"ox":2,"oy":-2}]}},"a1_slime.png":{"frame":{"x":1015,"y":20,"w":105,"h":21},"rotated":false,"trimmed":false,"spriteSourceSize":{"x":0,"y":0,"w":105,"h":21},"sourceSize":{"w":105,"h":21},"anim":{"idle":[{"x":5,"y":9,"w":10,"h":11,"ox":0,"oy":0}],"attack":[{"x":26,"y":10,"w":11,"h":10,"ox":0,"oy":1},{"x":47,"y":8,"w":14,"h":12,"ox":2,"oy":0,"atk":{"x":5,"y":0,"w":9,"h":12}},{"x":68,"y":9,"w":12,"h":11,"ox":1,"oy":0},{"x":89,"y":9,"w":11,"h":11,"ox":0,"oy":0}]}},"a2_beastplant.png":{"frame":{"x":0,"y":218,"w":480,"h":32},"rotated":false,"trimmed":false,"spriteSourceSize":{"x":0,"y":0,"w":480,"h":32},"sourceSize":{"w":480,"h":32},"anim":{"idle":[{"x":2,"y":4,"w":34,"h":27,"ox":0,"oy":0}],"attack":[{"x":242,"y":4,"w":31,"h":27,"ox":-2,"oy":0},{"x":290,"y":6,"w":42,"h":25,"ox":4,"oy":1},{"x":338,"y":5,"w":37,"h":26,"ox":1,"oy":1}],"shoot":[{"x":50,"y":6,"w":31,"h":25,"ox":-2,"oy":1},{"x":98,"y":1,"w":37,"h":30,"ox":1,"oy":-1},{"x":146,"y":1,"w":36,"h":30,"ox":1,"oy":-1}],"tremble":[{"x":386,"y":6,"w":31,"h":25,"ox":-2,"oy":1},{"x":434,"y":6,"w":30,"h":25,"ox":-2,"oy":1}]}},"a2_bush.png":{"frame":{"x":0,"y":43,"w":152,"h":23},"rotated":false,"trimmed":false,"spriteSourceSize":{"x":0,"y":0,"w":152,"h":23},"sourceSize":{"w":152,"h":23},"anim":{"idle":[{"x":1,"y":5,"w":18,"h":16,"ox":0,"oy":0}],"attack":[{"x":39,"y":5,"w":21,"h":16,"ox":1,"oy":0},{"x":77,"y":5,"w":34,"h":16,"ox":8,"oy":0,"atk":{"x":7,"y":0,"w":27,"h":16}},{"x":115,"y":5,"w":31,"h":16,"ox":6,"oy":0}]}},"a2_flower.png":{"frame":{"x":248,"y":43,"w":192,"h":24},"rotated":false,"trimmed":false,"spriteSourceSize":{"x":0,"y":0,"w":192,"h":24},"sourceSize":{"w":192,"h":24},"anim":{"idle":[{"x":4,"y":7,"w":14,"h":17,"ox":0,"oy":0}],"attack":[{"x":120,"y":7,"w":16,"h":17,"ox":-3,"oy":0},{"x":148,"y":7,"w":18,"h":17,"ox":2,"oy":0,"atk":{"x":5,"y":0,"w":13,"h":17}},{"x":172,"y":7,"w":16,"h":17,"ox":1,"oy":0}],"shoot":[{"x":27,"y":8,"w":13,"h":16,"ox":-2,"oy":1},{"x":51,"y":5,"w":17,"h":19,"ox":0,"oy":-1},{"x":76,"y":6,"w":15,"h":18,"ox":0,"oy":0}]}},"a2_grassplant.png":{"frame":{"x":1166,"y":43,"w":100,"h":25},"rotated":false,"trimmed":false,"spriteSourceSize":{"x":0,"y":0,"w":100,"h":25},"sourceSize":{"w":100,"h":25},"anim":{"idle":[{"x":1,"y":1,"w":17,"h":22,"ox":0,"oy":0}],"attack":[{"x":26,"y":1,"w":14,"h":22,"ox":-1,"oy":0},{"x":51,"y":1,"w":23,"h":22,"ox":3,"oy":0,"atk":{"x":6,"y":0,"w":17,"h":22}},{"x":76,"y":1,"w":21,"h":22,"ox":2,"oy":0}]}},"a2_plant.png":{"frame":{"x":152,"y":43,"w":96,"h":24},"rotated":false,"trimmed":false,"spriteSourceSize":{"x":0,"y":0,"w":96,"h":24},"sourceSize":{"w":96,"h":24},"anim":{"idle":[{"x":1,"y":2,"w":15,"h":20,"ox":0,"oy":0}],"attack":[{"x":1,"y":2,"w":15,"h":20,"ox":0,"oy":0},{"x":24,"y":1,"w":16,"h":21,"ox":0,"oy":-1},{"x":53,"y":4,"w":19,"h":18,"ox":6,"oy":1,"atk":{"x":5,"y":0,"w":14,"h":18}},{"x":75,"y":5,"w":19,"h":17,"ox":4,"oy":1,"atk":{"x":6,"y":0,"w":13,"h":17}}]}},"a2_root.png":{"frame":{"x":216,"y":69,"w":240,"h":26},"rotated":false,"trimmed":false,"spriteSourceSize":{"x":0,"y":0,"w":240,"h":26},"sourceSize":{"w":240,"h":26},"anim":{"idle":[{"x":11,"y":3,"w":18,"h":21,"ox":0,"oy":0}],"spin":[{"x":53,"y":5,"w":16,"h":19,"ox":1,"oy":1},{"x":84,"y":10,"w":32,"h":14,"ox":0,"oy":4,"atk":{"x":0,"y":0,"w":32,"h":8}},{"x":124,"y":10,"w":32,"h":14,"ox":0,"oy":4,"atk":{"x":-1,"y":0,"w":33,"h":8}},{"x":164,"y":10,"w":32,"h":14,"ox":0,"oy":4,"atk":{"x":0,"y":0,"w":32,"h":8}},{"x":207,"y":9,"w":25,"h":15,"ox":-1,"oy":3}]}},"a2_weed.png":{"frame":{"x":1266,"y":43,"w":20,"h":25},"rotated":false,"trimmed":false,"spriteSourceSize":{"x":0,"y":0,"w":20,"h":25},"sourceSize":{"w":20,"h":25},"anim":{"idle":[{"x":1,"y":1,"w":18,"h":23,"ox":0,"oy":0}]}},"a2_wildflower.png":{"frame":{"x":440,"y":43,"w":216,"h":24},"rotated":false,"trimmed":false,"spriteSourceSize":{"x":0,"y":0,"w":216,"h":24},"sourceSize":{"w":216,"h":24},"anim":{"idle":[{"x":3,"y":5,"w":15,"h":19,"ox":0,"oy":0}],"attack":[{"x":120,"y":5,"w":18,"h":19,"ox":-1,"oy":0},{"x":147,"y":5,"w":19,"h":19,"ox":2,"oy":0,"atk":{"x":6,"y":0,"w":13,"h":19}},{"x":171,"y":5,"w":17,"h":19,"ox":1,"oy":0}],"shoot":[{"x":26,"y":7,"w":16,"h":17,"ox":0,"oy":1},{"x":51,"y":4,"w":17,"h":20,"ox":1,"oy":0},{"x":75,"y":5,"w":16,"h":19,"ox":1,"oy":0}],"inactive":[{"x":195,"y":5,"w":15,"h":19,"ox":0,"oy":0}]}},"a3_molerat.png":{"frame":{"x":462,"y":155,"w":160,"h":30},"rotated":false,"trimmed":false,"spriteSourceSize":{"x":0,"y":0,"w":160,"h":30},"sourceSize":{"w":160,"h":30},"anim":{"idle":[{"x":1,"y":11,"w":23,"h":18,"ox":0,"oy":0}],"attack":[{"x":41,"y":11,"w":22,"h":18,"ox":0,"oy":0},{"x":81,"y":11,"w":32,"h":18,"ox":5,"oy":0,"atk":{"x":13,"y":0,"w":19,"h":18}},{"x":121,"y":11,"w":24,"h":18,"ox":1,"oy":0}]}},"a3_molo.png":{"frame":{"x":0,"y":594,"w":1000,"h":240},"rotated":false,"trimmed":false,"spriteSourceSize":{"x":0,"y":0,"w":1000,"h":240},"sourceSize":{"w":1000,"h":240},"anim":{"idle":[{"x":0,"y":15,"w":71,"h":45,"ox":0,"oy":0}],"attack":[{"x":100,"y":13,"w":67,"h":47,"ox":-2,"oy":-1},{"x":200,"y":13,"w":65,"h":47,"ox":-3,"oy":-1},{"x":300,"y":13,"w":64,"h":47,"ox":-3,"oy":-1},{"x":400,"y":20,"w":88,"h":40,"ox":9,"oy":3,"atk":{"x":45,"y":0,"w":43,"h":40}},{"x":500,"y":19,"w":88,"h":41,"ox":9,"oy":2},{"x":600,"y":18,"w":86,"h":42,"ox":8,"oy":2},{"x":700,"y":18,"w":80,"h":42,"ox":5,"oy":2}],"roar":[{"x":100,"y":13,"w":67,"h":47,"ox":-2,"oy":-1},{"x":200,"y":13,"w":65,"h":47,"ox":-3,"oy":-1},{"x":800,"y":73,"w":70,"h":47,"ox":0,"oy":-1},{"x":900,"y":70,"w":74,"h":50,"ox":2,"oy":-2,"atk":{"x":37,"y":0,"w":44,"h":50}},{"x":0,"y":127,"w":74,"h":53,"ox":2,"oy":-4},{"x":100,"y":130,"w":74,"h":50,"ox":2,"oy":-2},{"x":0,"y":127,"w":74,"h":53,"ox":2,"oy":-4},{"x":900,"y":70,"w":74,"h":50,"ox":2,"oy":-2,"atk":{"x":37,"y":0,"w":44,"h":50}},{"x":100,"y":130,"w":74,"h":50,"ox":2,"oy":-2},{"x":200,"y":136,"w":68,"h":44,"ox":-1,"oy":1}],"claw":[{"x":900,"y":13,"w":67,"h":47,"ox":-2,"oy":-1},{"x":0,"y":73,"w":67,"h":47,"ox":-2,"oy":-1},{"x":100,"y":73,"w":66,"h":47,"ox":-2,"oy":-1},{"x":200,"y":73,"w":66,"h":47,"ox":-2,"oy":-1},{"x":300,"y":78,"w":80,"h":42,"ox":5,"oy":2,"atk":{"x":35,"y":0,"w":45,"h":42}},{"x":400,"y":78,"w":82,"h":42,"ox":6,"oy":2},{"x":500,"y":79,"w":75,"h":41,"ox":2,"oy":2},{"x":600,"y":78,"w":75,"h":42,"ox":2,"oy":2},{"x":700,"y":77,"w":74,"h":43,"ox":2,"oy":1}],"dig":[{"x":300,"y":137,"w":71,"h":43,"ox":0,"oy":1},{"x":400,"y":136,"w":71,"h":44,"ox":0,"oy":1},{"x":500,"y":134,"w":68,"h":46,"ox":-1,"oy":0},{"x":600,"y":138,"w":70,"h":42,"ox":0,"oy":2},{"x":700,"y":140,"w":70,"h":40,"ox":0,"oy":3},{"x":800,"y":140,"w":72,"h":40,"ox":1,"oy":3},{"x":900,"y":142,"w":76,"h":38,"ox":3,"oy":4},{"x":2,"y":205,"w":77,"h":35,"ox":5,"oy":5},{"x":103,"y":214,"w":76,"h":26,"ox":6,"oy":10},{"x":211,"y":221,"w":68,"h":19,"ox":10,"oy":13},{"x":310,"y":227,"w":70,"h":13,"ox":10,"oy":16},{"x":410,"y":232,"w":70,"h":8,"ox":10,"oy":19},{"x":518,"y":237,"w":52,"h":3,"ox":9,"oy":21}],"digup":[{"x":410,"y":232,"w":70,"h":8,"ox":10,"oy":19},{"x":310,"y":227,"w":70,"h":13,"ox":10,"oy":16},{"x":211,"y":221,"w":68,"h":19,"ox":10,"oy":13},{"x":103,"y":214,"w":76,"h":26,"ox":6,"oy":10},{"x":2,"y":205,"w":77,"h":35,"ox":5,"oy":5},{"x":700,"y":140,"w":70,"h":40,"ox":0,"oy":3},{"x":600,"y":138,"w":70,"h":42,"ox":0,"oy":2},{"x":300,"y":137,"w":71,"h":43,"ox":0,"oy":1}]}},"a3_spiky.png":{"frame":{"x":0,"y":20,"w":640,"h":20},"rotated":false,"trimmed":false,"spriteSourceSize":{"x":0,"y":0,"w":640,"h":20},"sourceSize":{"w":640,"h":20},"anim":{"idle":[{"x":2,"y":3,"w":30,"h":16,"ox":0,"oy":0}],"move":[{"x":2,"y":3,"w":30,"h":16,"ox":0,"oy":0},{"x":42,"y":4,"w":32,"h":15,"ox":0,"oy":0},{"x":2,"y":3,"w":30,"h":16,"ox":0,"oy":0},{"x":122,"y":4,"w":34,"h":15,"ox":1,"oy":0}],"attack":[{"x":202,"y":3,"w":28,"h":16,"ox":0,"oy":0},{"x":242,"y":3,"w":35,"h":16,"ox":4,"oy":0,"atk":{"x":13,"y":0,"w":22,"h":16}},{"x":282,"y":3,"w":36,"h":16,"ox":2,"oy":0},{"x":322,"y":3,"w":35,"h":16,"ox":2,"oy":0}],"spawn":[{"x":364,"y":8,"w":15,"h":11,"ox":-6,"oy":2},{"x":402,"y":6,"w":21,"h":13,"ox":-5,"oy":1},{"x":442,"y":6,"w":26,"h":13,"ox":-2,"oy":1},{"x":482,"y":4,"w":30,"h":15,"ox":0,"oy":0},{"x":522,"y":3,"w":30,"h":16,"ox":0,"oy":0},{"x":562,"y":3,"w":30,"h":16,"ox":0,"oy":0},{"x":2,"y":3,"w":30,"h":16,"ox":0,"oy":0}]}},"a4_ghoul.png":{"frame":{"x":528,"y":125,"w":516,"h":29},"rotated":false,"trimmed":false,"spriteSourceSize":{"x":0,"y":0,"w":516,"h":29},"sourceSize":{"w":516,"h":29},"anim":{"idle":[{"x":6,"y":4,"w":18,"h":24,"ox":0,"oy":0}],"attack":[{"x":49,"y":2,"w":18,"h":26,"ox":0,"oy":-1},{"x":92,"y":4,"w":26,"h":24,"ox":4,"oy":0,"atk":{"x":14,"y":0,"w":12,"h":25}},{"x":135,"y":4,"w":28,"h":24,"ox":5,"oy":0,"atk":{"x":14,"y":0,"w":14,"h":24}},{"x":178,"y":4,"w":26,"h":24,"ox":4,"oy":0},{"x":221,"y":4,"w":21,"h":24,"ox":1,"oy":0},{"x":264,"y":4,"w":18,"h":24,"ox":0,"oy":0}],"move":[{"x":6,"y":4,"w":18,"h":24,"ox":0,"oy":0},{"x":393,"y":2,"w":20,"h":26,"ox":1,"oy":-1},{"x":436,"y":3,"w":20,"h":25,"ox":1,"oy":-1},{"x":479,"y":4,"w":19,"h":24,"ox":0,"oy":0}]}},"a4_illubirdgeneral.png":{"frame":{"x":0,"y":251,"w":266,"h":33},"rotated":false,"trimmed":false,"spriteSourceSize":{"x":0,"y":0,"w":266,"h":33},"sourceSize":{"w":266,"h":33},"anim":{"idle":[{"x":4,"y":2,"w":24,"h":30,"ox":0,"oy":0}],"attack":[{"x":41,"y":2,"w":24,"h":29,"ox":-1,"oy":-1},{"x":78,"y":2,"w":22,"h":29,"ox":-3,"oy":-1},{"x":122,"y":2,"w":28,"h":29,"ox":6,"oy":-1,"atk":{"x":9,"y":0,"w":19,"h":29}},{"x":160,"y":2,"w":29,"h":29,"ox":6,"oy":-1,"atk":{"x":12,"y":0,"w":17,"h":29}},{"x":198,"y":2,"w":28,"h":29,"ox":6,"oy":-1},{"x":235,"y":2,"w":24,"h":29,"ox":3,"oy":-1}]}},"a4_illubirdsniper.png":{"frame":{"x":266,"y":251,"w":533,"h":34},"rotated":false,"trimmed":false,"spriteSourceSize":{"x":0,"y":0,"w":533,"h":34},"sourceSize":{"w":533,"h":34},"anim":{"idle":[{"x":8,"y":5,"w":18,"h":28,"ox":0,"oy":0}],"shoot":[{"x":50,"y":5,"w":22,"h":28,"ox":3,"oy":0},{"x":88,"y":5,"w":22,"h":28,"ox":0,"oy":0},{"x":128,"y":5,"w":23,"h":28,"ox":-1,"oy":0,"atk":{"x":13,"y":0,"w":15,"h":28}},{"x":169,"y":5,"w":23,"h":28,"ox":-1,"oy":0},{"x":213,"y":5,"w":20,"h":28,"ox":1,"oy":0}],"emerge":[{"x":256,"y":10,"w":12,"h":13,"ox":-1,"oy":-3},{"x":298,"y":10,"w":12,"h":15,"ox":0,"oy":-2},{"x":338,"y":7,"w":13,"h":25,"ox":-1,"oy":0},{"x":377,"y":5,"w":18,"h":28,"ox":0,"oy":0},{"x":418,"y":5,"w":18,"h":28,"ox":0,"oy":0},{"x":459,"y":5,"w":18,"h":28,"ox":0,"oy":0}],"inactive":[{"x":256,"y":10,"w":12,"h":13,"ox":-1,"oy":-3}],"attack":[{"x":50,"y":5,"w":22,"h":28,"ox":3,"oy":0},{"x":88,"y":5,"w":22,"h":28,"ox":0,"oy":0},{"x":128,"y":5,"w":23,"h":28,"ox":-1,"oy":0,"atk":{"x":13,"y":0,"w":15,"h":28}},{"x":169,"y":5,"w":23,"h":28,"ox":-1,"oy":0},{"x":213,"y":5,"w":20,"h":28,"ox":1,"oy":0}]}},"a4_sentryheavy.png":{"frame":{"x":1120,"y":285,"w":336,"h":36},"rotated":false,"trimmed":false,"spriteSourceSize":{"x":0,"y":0,"w":336,"h":36},"sourceSize":{"w":336,"h":36},"anim":{"idle":[{"x":8,"y":9,"w":19,"h":26,"ox":0,"oy":0}],"attack":[{"x":55,"y":7,"w":19,"h":28,"ox":-1,"oy":-1},{"x":98,"y":6,"w":24,"h":29,"ox":-3,"oy":-2},{"x":155,"y":6,"w":34,"h":29,"ox":11,"oy":-2,"atk":{"x":15,"y":0,"w":19,"h":30}},{"x":203,"y":13,"w":34,"h":22,"ox":11,"oy":2,"atk":{"x":14,"y":0,"w":20,"h":23}},{"x":251,"y":11,"w":27,"h":24,"ox":7,"oy":1},{"x":297,"y":9,"w":18,"h":26,"ox":1,"oy":0}]}},"a4_sentrylight.png":{"frame":{"x":280,"y":285,"w":264,"h":36},"rotated":false,"trimmed":false,"spriteSourceSize":{"x":0,"y":0,"w":264,"h":36},"sourceSize":{"w":264,"h":36},"anim":{"idle":[{"x":6,"y":9,"w":18,"h":25,"ox":0,"oy":0}],"attack":[{"x":50,"y":9,"w":18,"h":25,"ox":0,"oy":0},{"x":94,"y":8,"w":21,"h":26,"ox":1,"oy":0},{"x":138,"y":8,"w":21,"h":26,"ox":1,"oy":0},{"x":181,"y":8,"w":27,"h":26,"ox":3,"oy":0,"atk":{"x":15,"y":0,"w":12,"h":26}},{"x":226,"y":8,"w":24,"h":26,"ox":3,"oy":0,"atk":{"x":15,"y":0,"w":9,"h":26}}]}},"a4_sentrythrower.png":{"frame":{"x":608,"y":96,"w":480,"h":28},"rotated":false,"trimmed":false,"spriteSourceSize":{"x":0,"y":0,"w":480,"h":28},"sourceSize":{"w":480,"h":28},"anim":{"idle":[{"x":5,"y":6,"w":22,"h":21,"ox":0,"oy":0}],"attack":[{"x":196,"y":4,"w":21,"h":23,"ox":-2,"oy":-1},{"x":229,"y":5,"w":27,"h":22,"ox":2,"oy":0,"atk":{"x":9,"y":0,"w":18,"h":23}},{"x":261,"y":5,"w":26,"h":22,"ox":2,"oy":0,"atk":{"x":8,"y":-1,"w":18,"h":23}},{"x":293,"y":5,"w":23,"h":22,"ox":0,"oy":0}],"shoot":[{"x":37,"y":7,"w":21,"h":20,"ox":-1,"oy":1},{"x":69,"y":8,"w":21,"h":19,"ox":-1,"oy":1},{"x":101,"y":9,"w":21,"h":18,"ox":-1,"oy":2},{"x":133,"y":4,"w":24,"h":23,"ox":1,"oy":-1}],"fall":[{"x":357,"y":7,"w":23,"h":20,"ox":0,"oy":1},{"x":389,"y":12,"w":23,"h":15,"ox":0,"oy":3},{"x":421,"y":14,"w":23,"h":13,"ox":0,"oy":4},{"x":452,"y":18,"w":23,"h":9,"ox":-1,"oy":6}],"rise":[{"x":452,"y":18,"w":23,"h":9,"ox":-1,"oy":6},{"x":421,"y":14,"w":23,"h":13,"ox":0,"oy":4},{"x":389,"y":12,"w":23,"h":15,"ox":0,"oy":3},{"x":357,"y":7,"w":23,"h":20,"ox":0,"oy":1}],"inactive":[{"x":452,"y":18,"w":23,"h":9,"ox":-1,"oy":6}]}},"a4_skeleton.png":{"frame":{"x":0,"y":125,"w":506,"h":29},"rotated":false,"trimmed":false,"spriteSourceSize":{"x":0,"y":0,"w":506,"h":29},"sourceSize":{"w":506,"h":29},"anim":{"idle":[{"x":5,"y":2,"w":19,"h":27,"ox":0,"oy":0}],"attack":[{"x":51,"y":2,"w":14,"h":27,"ox":-2,"oy":0},{"x":96,"y":3,"w":17,"h":26,"ox":-2,"oy":1},{"x":144,"y":2,"w":30,"h":27,"ox":7,"oy":0,"atk":{"x":14,"y":0,"w":16,"h":27}},{"x":190,"y":2,"w":30,"h":27,"ox":7,"oy":0,"atk":{"x":14,"y":0,"w":16,"h":27}},{"x":236,"y":2,"w":12,"h":27,"ox":-2,"oy":0}],"fall":[{"x":327,"y":7,"w":19,"h":22,"ox":0,"oy":3},{"x":373,"y":12,"w":20,"h":17,"ox":1,"oy":5},{"x":419,"y":15,"w":21,"h":14,"ox":1,"oy":7},{"x":465,"y":19,"w":21,"h":10,"ox":1,"oy":9}],"rise":[{"x":465,"y":19,"w":21,"h":10,"ox":1,"oy":9},{"x":419,"y":15,"w":21,"h":14,"ox":1,"oy":7},{"x":373,"y":12,"w":20,"h":17,"ox":1,"oy":5},{"x":327,"y":7,"w":19,"h":22,"ox":0,"oy":3}],"inactive":[{"x":465,"y":19,"w":21,"h":10,"ox":1,"oy":9}]}},"a5_archer.png":{"frame":{"x":1088,"y":96,"w":640,"h":29},"rotated":false,"trimmed":false,"spriteSourceSize":{"x":0,"y":0,"w":640,"h":29},"sourceSize":{"w":640,"h":29},"anim":{"idle":[{"x":1,"y":2,"w":18,"h":27,"ox":0,"oy":0}],"shoot":[{"x":35,"y":2,"w":22,"h":27,"ox":4,"oy":0},{"x":65,"y":2,"w":24,"h":27,"ox":3,"oy":0},{"x":97,"y":2,"w":24,"h":27,"ox":3,"oy":0},{"x":129,"y":2,"w":24,"h":27,"ox":3,"oy":0},{"x":162,"y":2,"w":20,"h":27,"ox":2,"oy":0}],"attack":[{"x":258,"y":2,"w":22,"h":27,"ox":3,"oy":0},{"x":288,"y":2,"w":28,"h":27,"ox":4,"oy":0,"atk":{"x":13,"y":0,"w":15,"h":27}},{"x":320,"y":2,"w":27,"h":27,"ox":3,"oy":0,"atk":{"x":14,"y":0,"w":13,"h":27}},{"x":352,"y":2,"w":24,"h":27,"ox":2,"oy":0},{"x":385,"y":2,"w":18,"h":27,"ox":0,"oy":0}],"inactive":[{"x":197,"y":5,"w":11,"h":20,"ox":0,"oy":0}],"emerge":[{"x":424,"y":9,"w":7,"h":13,"ox":1,"oy":1},{"x":456,"y":4,"w":7,"h":16,"ox":1,"oy":-2},{"x":486,"y":4,"w":10,"h":9,"ox":1,"oy":-7},{"x":515,"y":14,"w":14,"h":15,"ox":0,"oy":6},{"x":550,"y":6,"w":12,"h":23,"ox":2,"oy":2},{"x":577,"y":2,"w":18,"h":27,"ox":0,"oy":0}]}},"a5_general.png":{"frame":{"x":1270,"y":218,"w":532,"h":33},"rotated":false,"trimmed":false,"spriteSourceSize":{"x":0,"y":0,"w":532,"h":33},"sourceSize":{"w":532,"h":33},"anim":{"idle":[{"x":4,"y":2,"w":24,"h":30,"ox":0,"oy":0}],"attack":[{"x":41,"y":2,"w":24,"h":30,"ox":-1,"oy":0},{"x":78,"y":2,"w":22,"h":30,"ox":-3,"oy":0},{"x":121,"y":2,"w":29,"h":30,"ox":5,"oy":0,"atk":{"x":10,"y":0,"w":19,"h":30}},{"x":159,"y":2,"w":30,"h":30,"ox":6,"oy":0,"atk":{"x":13,"y":0,"w":17,"h":30}},{"x":197,"y":2,"w":29,"h":30,"ox":5,"oy":0},{"x":235,"y":2,"w":24,"h":30,"ox":3,"oy":0}],"spawn":[{"x":278,"y":6,"w":10,"h":22,"ox":1,"oy":0},{"x":313,"y":4,"w":15,"h":22,"ox":0,"oy":-2},{"x":350,"y":2,"w":17,"h":16,"ox":0,"oy":-7},{"x":389,"y":14,"w":15,"h":18,"ox":0,"oy":6},{"x":425,"y":6,"w":18,"h":26,"ox":0,"oy":2},{"x":460,"y":2,"w":24,"h":30,"ox":0,"oy":0},{"x":498,"y":2,"w":24,"h":30,"ox":0,"oy":0}]}},"a5_lord.png":{"frame":{"x":0,"y":396,"w":612,"h":38},"rotated":false,"trimmed":false,"spriteSourceSize":{"x":0,"y":0,"w":612,"h":38},"sourceSize":{"w":612,"h":38},"anim":{"idle":[{"x":11,"y":5,"w":23,"h":32,"ox":0,"oy":0}],"attack":[{"x":57,"y":5,"w":27,"h":32,"ox":-3,"oy":0},{"x":107,"y":5,"w":28,"h":32,"ox":-3,"oy":0},{"x":169,"y":5,"w":18,"h":32,"ox":3,"oy":0},{"x":220,"y":5,"w":29,"h":32,"ox":8,"oy":0,"atk":{"x":13,"y":0,"w":16,"h":32}},{"x":271,"y":5,"w":28,"h":32,"ox":8,"oy":0},{"x":322,"y":5,"w":20,"h":32,"ox":4,"oy":0},{"x":373,"y":5,"w":19,"h":32,"ox":3,"oy":0}],"bash":[{"x":57,"y":5,"w":27,"h":32,"ox":-3,"oy":0},{"x":107,"y":5,"w":28,"h":32,"ox":-3,"oy":0},{"x":57,"y":5,"w":27,"h":32,"ox":-3,"oy":0},{"x":107,"y":5,"w":28,"h":32,"ox":-3,"oy":0},{"x":107,"y":5,"w":28,"h":32,"ox":-3,"oy":0},{"x":169,"y":5,"w":18,"h":32,"ox":3,"oy":0},{"x":220,"y":5,"w":29,"h":32,"ox":8,"oy":0,"atk":{"x":13,"y":0,"w":16,"h":32}},{"x":271,"y":5,"w":28,"h":32,"ox":8,"oy":0},{"x":322,"y":5,"w":20,"h":32,"ox":4,"oy":0},{"x":373,"y":5,"w":19,"h":32,"ox":3,"oy":0},{"x":11,"y":5,"w":23,"h":32,"ox":0,"oy":0}],"move":[{"x":418,"y":4,"w":25,"h":33,"ox":0,"oy":-1},{"x":468,"y":5,"w":25,"h":32,"ox":-1,"oy":0},{"x":520,"y":4,"w":25,"h":33,"ox":0,"oy":-1},{"x":572,"y":5,"w":22,"h":32,"ox":0,"oy":0}]}},"a5_peon.png":{"frame":{"x":0,"y":69,"w":216,"h":26},"rotated":false,"trimmed":false,"spriteSourceSize":{"x":0,"y":0,"w":216,"h":26},"sourceSize":{"w":216,"h":26},"anim":{"idle":[{"x":7,"y":4,"w":13,"h":21,"ox":0,"oy":0}],"attack":[{"x":41,"y":4,"w":17,"h":21,"ox":0,"oy":0},{"x":74,"y":4,"w":20,"h":21,"ox":-1,"oy":0},{"x":116,"y":4,"w":23,"h":21,"ox":6,"oy":0,"atk":{"x":9,"y":-1,"w":14,"h":22}},{"x":152,"y":4,"w":22,"h":21,"ox":6,"oy":0,"atk":{"x":9,"y":-1,"w":13,"h":22}},{"x":185,"y":4,"w":15,"h":21,"ox":-1,"oy":0}]}},"a5_sniper.png":{"frame":{"x":799,"y":251,"w":615,"h":34},"rotated":false,"trimmed":false,"spriteSourceSize":{"x":0,"y":0,"w":615,"h":34},"sourceSize":{"w":615,"h":34},"anim":{"idle":[{"x":7,"y":5,"w":19,"h":28,"ox":0,"oy":0}],"shoot":[{"x":50,"y":5,"w":22,"h":28,"ox":4,"oy":0},{"x":88,"y":5,"w":22,"h":28,"ox":1,"oy":0},{"x":128,"y":4,"w":23,"h":29,"ox":0,"oy":-1},{"x":169,"y":5,"w":23,"h":28,"ox":0,"oy":0},{"x":211,"y":5,"w":20,"h":28,"ox":0,"oy":0},{"x":253,"y":5,"w":19,"h":28,"ox":0,"oy":0}],"emerge":[{"x":300,"y":13,"w":8,"h":14,"ox":-1,"oy":1},{"x":341,"y":3,"w":10,"h":22,"ox":0,"oy":-5},{"x":381,"y":2,"w":13,"h":14,"ox":0,"oy":-10},{"x":421,"y":12,"w":14,"h":21,"ox":0,"oy":3},{"x":460,"y":6,"w":15,"h":27,"ox":0,"oy":0},{"x":499,"y":5,"w":19,"h":28,"ox":0,"oy":0},{"x":540,"y":5,"w":19,"h":28,"ox":0,"oy":0}],"inactive":[{"x":574,"y":8,"w":13,"h":14,"ox":0,"oy":0}],"attack":[{"x":50,"y":5,"w":22,"h":28,"ox":3,"oy":0},{"x":88,"y":5,"w":22,"h":28,"ox":0,"oy":0},{"x":128,"y":4,"w":23,"h":29,"ox":-1,"oy":0},{"x":169,"y":5,"w":23,"h":28,"ox":-1,"oy":0},{"x":211,"y":5,"w":20,"h":28,"ox":1,"oy":0}],"spawn":[{"x":300,"y":13,"w":8,"h":14,"ox":-1,"oy":1},{"x":341,"y":3,"w":10,"h":22,"ox":0,"oy":-5},{"x":381,"y":2,"w":13,"h":14,"ox":0,"oy":-10},{"x":421,"y":12,"w":14,"h":21,"ox":0,"oy":3},{"x":460,"y":6,"w":15,"h":27,"ox":0,"oy":0},{"x":499,"y":5,"w":19,"h":28,"ox":0,"oy":0},{"x":540,"y":5,"w":19,"h":28,"ox":0,"oy":0}]}},"a6_fairy.png":{"frame":{"x":592,"y":96,"w":16,"h":27},"rotated":false,"trimmed":false,"spriteSourceSize":{"x":0,"y":0,"w":16,"h":27},"sourceSize":{"w":16,"h":27},"anim":{"idle":[{"x":3,"y":6,"w":11,"h":20,"ox":0,"oy":0}]}},"a6_firsty.png":{"frame":{"x":950,"y":69,"w":560,"h":27},"rotated":false,"trimmed":false,"spriteSourceSize":{"x":0,"y":0,"w":560,"h":27},"sourceSize":{"w":560,"h":27},"anim":{"idle":[{"x":6,"y":2,"w":16,"h":24,"ox":0,"oy":0}],"move":[{"x":39,"y":3,"w":19,"h":23,"ox":-1,"oy":0},{"x":75,"y":2,"w":17,"h":24,"ox":-1,"oy":0},{"x":112,"y":3,"w":14,"h":23,"ox":0,"oy":0},{"x":146,"y":2,"w":16,"h":24,"ox":0,"oy":0}],"attack":[{"x":211,"y":3,"w":22,"h":23,"ox":-2,"oy":0},{"x":254,"y":3,"w":25,"h":23,"ox":7,"oy":0,"atk":{"x":12,"y":0,"w":13,"h":23}},{"x":289,"y":3,"w":23,"h":23,"ox":6,"oy":0},{"x":322,"y":2,"w":17,"h":24,"ox":1,"oy":0}],"spawn":[{"x":357,"y":8,"w":15,"h":18,"ox":0,"oy":3},{"x":390,"y":5,"w":18,"h":21,"ox":0,"oy":1},{"x":427,"y":3,"w":16,"h":23,"ox":1,"oy":0},{"x":462,"y":2,"w":15,"h":24,"ox":0,"oy":0},{"x":496,"y":2,"w":16,"h":24,"ox":0,"oy":0},{"x":531,"y":2,"w":16,"h":24,"ox":0,"oy":0}]}},"a6_greaty.png":{"frame":{"x":743,"y":358,"w":1026,"h":38},"rotated":false,"trimmed":false,"spriteSourceSize":{"x":0,"y":0,"w":1026,"h":38},"sourceSize":{"w":1026,"h":38},"anim":{"idle":[{"x":9,"y":10,"w":25,"h":28,"ox":0,"oy":0}],"move":[{"x":63,"y":11,"w":25,"h":27,"ox":0,"oy":0},{"x":118,"y":10,"w":24,"h":28,"ox":1,"oy":0},{"x":173,"y":11,"w":25,"h":27,"ox":2,"oy":0},{"x":226,"y":10,"w":24,"h":28,"ox":1,"oy":0}],"attack":[{"x":332,"y":11,"w":26,"h":27,"ox":0,"oy":0},{"x":379,"y":11,"w":32,"h":27,"ox":-4,"oy":0},{"x":379,"y":11,"w":32,"h":27,"ox":-4,"oy":0},{"x":379,"y":11,"w":32,"h":27,"ox":-4,"oy":0},{"x":450,"y":2,"w":17,"h":36,"ox":5,"oy":-4},{"x":506,"y":3,"w":33,"h":35,"ox":15,"oy":-4,"atk":{"x":13,"y":0,"w":20,"h":35}},{"x":560,"y":12,"w":34,"h":26,"ox":16,"oy":1},{"x":614,"y":12,"w":32,"h":26,"ox":15,"oy":1},{"x":614,"y":12,"w":32,"h":26,"ox":15,"oy":1},{"x":668,"y":11,"w":26,"h":27,"ox":12,"oy":0}],"spawn":[{"x":720,"y":22,"w":17,"h":16,"ox":5,"oy":6},{"x":775,"y":14,"w":16,"h":24,"ox":6,"oy":2},{"x":829,"y":12,"w":16,"h":26,"ox":6,"oy":1},{"x":882,"y":11,"w":17,"h":27,"ox":5,"oy":0},{"x":927,"y":10,"w":25,"h":28,"ox":0,"oy":0},{"x":981,"y":10,"w":25,"h":28,"ox":0,"oy":0}]}},"a6_lancy.png":{"frame":{"x":622,"y":155,"w":645,"h":30},"rotated":false,"trimmed":false,"spriteSourceSize":{"x":0,"y":0,"w":645,"h":30},"sourceSize":{"w":645,"h":30},"anim":{"idle":[{"x":13,"y":5,"w":14,"h":25,"ox":0,"oy":0}],"shoot":[{"x":139,"y":5,"w":17,"h":25,"ox":-2,"oy":0},{"x":173,"y":5,"w":25,"h":25,"ox":-7,"oy":0},{"x":228,"y":5,"w":20,"h":25,"ox":3,"oy":0},{"x":55,"y":5,"w":20,"h":25,"ox":2,"oy":0},{"x":357,"y":5,"w":14,"h":25,"ox":0,"oy":0}],"attack":[{"x":139,"y":5,"w":17,"h":25,"ox":-2,"oy":0},{"x":173,"y":5,"w":25,"h":25,"ox":-7,"oy":0},{"x":270,"y":5,"w":28,"h":25,"ox":6,"oy":0,"atk":{"x":11,"y":0,"w":17,"h":25}},{"x":313,"y":5,"w":26,"h":25,"ox":5,"oy":0},{"x":357,"y":5,"w":14,"h":25,"ox":0,"oy":0}],"spawn":[{"x":400,"y":12,"w":15,"h":18,"ox":0,"oy":4},{"x":444,"y":9,"w":14,"h":21,"ox":1,"oy":2},{"x":487,"y":8,"w":13,"h":22,"ox":0,"oy":2},{"x":530,"y":7,"w":13,"h":23,"ox":0,"oy":1},{"x":572,"y":5,"w":14,"h":25,"ox":0,"oy":0},{"x":615,"y":5,"w":14,"h":25,"ox":0,"oy":0}]}},"a6_shooty.png":{"frame":{"x":1286,"y":43,"w":403,"h":26},"rotated":false,"trimmed":false,"spriteSourceSize":{"x":0,"y":0,"w":403,"h":26},"sourceSize":{"w":403,"h":26},"anim":{"idle":[{"x":4,"y":2,"w":17,"h":24,"ox":0,"oy":0}],"shoot":[{"x":36,"y":2,"w":19,"h":24,"ox":2,"oy":0},{"x":65,"y":2,"w":23,"h":24,"ox":2,"oy":0},{"x":95,"y":2,"w":24,"h":24,"ox":2,"oy":0},{"x":126,"y":2,"w":24,"h":24,"ox":2,"oy":0},{"x":159,"y":2,"w":19,"h":24,"ox":1,"oy":0}],"spawn":[{"x":222,"y":15,"w":16,"h":11,"ox":1,"oy":6},{"x":254,"y":10,"w":14,"h":16,"ox":1,"oy":4},{"x":285,"y":6,"w":15,"h":20,"ox":1,"oy":2},{"x":317,"y":4,"w":13,"h":22,"ox":1,"oy":1},{"x":345,"y":2,"w":17,"h":24,"ox":0,"oy":0},{"x":376,"y":2,"w":17,"h":24,"ox":0,"oy":0}]}},"a6_stabby.png":{"frame":{"x":0,"y":96,"w":592,"h":27},"rotated":false,"trimmed":false,"spriteSourceSize":{"x":0,"y":0,"w":592,"h":27},"sourceSize":{"w":592,"h":27},"anim":{"idle":[{"x":6,"y":3,"w":16,"h":23,"ox":0,"oy":0}],"move":[{"x":43,"y":4,"w":16,"h":22,"ox":0,"oy":1},{"x":80,"y":3,"w":16,"h":23,"ox":0,"oy":0},{"x":117,"y":4,"w":16,"h":22,"ox":0,"oy":1},{"x":154,"y":3,"w":16,"h":23,"ox":0,"oy":0}],"attack":[{"x":225,"y":3,"w":17,"h":23,"ox":-3,"oy":0},{"x":267,"y":3,"w":25,"h":23,"ox":6,"oy":0,"atk":{"x":11,"y":0,"w":14,"h":24}},{"x":304,"y":3,"w":24,"h":23,"ox":6,"oy":0},{"x":341,"y":3,"w":16,"h":23,"ox":2,"oy":0}],"spawn":[{"x":374,"y":10,"w":17,"h":16,"ox":-2,"oy":4},{"x":412,"y":6,"w":17,"h":20,"ox":-1,"oy":2},{"x":448,"y":4,"w":19,"h":22,"ox":-1,"oy":1},{"x":485,"y":4,"w":19,"h":22,"ox":-1,"oy":1},{"x":524,"y":3,"w":16,"h":23,"ox":0,"oy":0},{"x":561,"y":3,"w":16,"h":23,"ox":0,"oy":0}]}},"a6_tanky.png":{"frame":{"x":0,"y":155,"w":462,"h":30},"rotated":false,"trimmed":false,"spriteSourceSize":{"x":0,"y":0,"w":462,"h":30},"sourceSize":{"w":462,"h":30},"anim":{"idle":[{"x":7,"y":5,"w":19,"h":24,"ox":0,"oy":0}],"attack":[{"x":47,"y":3,"w":21,"h":26,"ox":-1,"oy":-1},{"x":96,"y":5,"w":24,"h":24,"ox":8,"oy":0,"atk":{"x":10,"y":0,"w":14,"h":24}},{"x":138,"y":5,"w":25,"h":24,"ox":8,"oy":0},{"x":180,"y":5,"w":22,"h":24,"ox":7,"oy":0}],"spawn":[{"x":219,"y":17,"w":17,"h":12,"ox":1,"oy":6},{"x":262,"y":13,"w":15,"h":16,"ox":1,"oy":4},{"x":305,"y":10,"w":15,"h":19,"ox":2,"oy":2},{"x":348,"y":8,"w":13,"h":21,"ox":2,"oy":1},{"x":385,"y":5,"w":19,"h":24,"ox":0,"oy":0},{"x":427,"y":5,"w":19,"h":24,"ox":0,"oy":0}]}},"a6_throwy.png":{"frame":{"x":1044,"y":125,"w":420,"h":30},"rotated":false,"trimmed":false,"spriteSourceSize":{"x":0,"y":0,"w":420,"h":30},"sourceSize":{"w":420,"h":30},"anim":{"idle":[{"x":7,"y":3,"w":13,"h":26,"ox":0,"oy":0}],"shoot":[{"x":41,"y":3,"w":15,"h":26,"ox":0,"oy":0},{"x":76,"y":3,"w":14,"h":26,"ox":0,"oy":0},{"x":112,"y":3,"w":13,"h":26,"ox":0,"oy":0},{"x":146,"y":3,"w":15,"h":26,"ox":0,"oy":0},{"x":181,"y":3,"w":15,"h":26,"ox":0,"oy":0}],"spawn":[{"x":217,"y":16,"w":14,"h":13,"ox":1,"oy":6},{"x":252,"y":13,"w":13,"h":16,"ox":0,"oy":5},{"x":288,"y":10,"w":12,"h":19,"ox":1,"oy":3},{"x":323,"y":8,"w":12,"h":21,"ox":1,"oy":2},{"x":357,"y":3,"w":13,"h":26,"ox":0,"oy":0},{"x":392,"y":3,"w":13,"h":26,"ox":0,"oy":0}]}},"a7_four.png":{"frame":{"x":0,"y":285,"w":280,"h":35},"rotated":false,"trimmed":false,"spriteSourceSize":{"x":0,"y":0,"w":280,"h":35},"sourceSize":{"w":280,"h":35},"anim":{"idle":[{"x":2,"y":4,"w":21,"h":30,"ox":0,"oy":0}],"attack":[{"x":45,"y":4,"w":23,"h":30,"ox":4,"oy":0},{"x":85,"y":4,"w":24,"h":30,"ox":5,"oy":0},{"x":123,"y":0,"w":34,"h":34,"ox":8,"oy":-2,"atk":{"x":12,"y":0,"w":22,"h":34}},{"x":163,"y":0,"w":26,"h":34,"ox":4,"oy":-2},{"x":203,"y":1,"w":26,"h":33,"ox":4,"oy":-2},{"x":243,"y":4,"w":22,"h":30,"ox":2,"oy":0}]}},"a7_one.png":{"frame":{"x":1414,"y":251,"w":315,"h":34},"rotated":false,"trimmed":false,"spriteSourceSize":{"x":0,"y":0,"w":315,"h":34},"sourceSize":{"w":315,"h":34},"anim":{"idle":[{"x":4,"y":1,"w":23,"h":32,"ox":0,"oy":0}],"attack":[{"x":49,"y":1,"w":23,"h":32,"ox":0,"oy":0},{"x":94,"y":0,"w":23,"h":33,"ox":0,"oy":-1},{"x":139,"y":2,"w":33,"h":31,"ox":5,"oy":0,"atk":{"x":10,"y":0,"w":23,"h":31}},{"x":184,"y":2,"w":33,"h":31,"ox":5,"oy":0,"atk":{"x":10,"y":0,"w":23,"h":31}},{"x":229,"y":2,"w":30,"h":31,"ox":4,"oy":0},{"x":274,"y":2,"w":23,"h":31,"ox":0,"oy":0}]}},"a7_three.png":{"frame":{"x":506,"y":125,"w":22,"h":29},"rotated":false,"trimmed":false,"spriteSourceSize":{"x":0,"y":0,"w":22,"h":29},"sourceSize":{"w":22,"h":29},"anim":{"idle":[{"x":0,"y":0,"w":22,"h":29,"ox":0,"oy":0}]}},"a7_two.png":{"frame":{"x":1512,"y":321,"w":344,"h":37},"rotated":false,"trimmed":false,"spriteSourceSize":{"x":0,"y":0,"w":344,"h":37},"sourceSize":{"w":344,"h":37},"anim":{"idle":[{"x":1,"y":0,"w":25,"h":37,"ox":0,"oy":0}],"attack":[{"x":44,"y":0,"w":30,"h":32,"ox":3,"oy":-2},{"x":87,"y":0,"w":40,"h":32,"ox":8,"oy":-2},{"x":130,"y":0,"w":38,"h":32,"ox":7,"oy":-2,"atk":{"x":13,"y":0,"w":25,"h":37}},{"x":173,"y":0,"w":31,"h":35,"ox":3,"oy":-1},{"x":216,"y":0,"w":25,"h":35,"ox":0,"oy":-1},{"x":259,"y":0,"w":25,"h":32,"ox":0,"oy":-2},{"x":302,"y":0,"w":25,"h":32,"ox":0,"oy":-2}]}},"a7_warde.png":{"frame":{"x":0,"y":321,"w":1512,"h":37},"rotated":false,"trimmed":false,"spriteSourceSize":{"x":0,"y":0,"w":1512,"h":37},"sourceSize":{"w":1512,"h":37},"anim":{"idle":[{"x":15,"y":0,"w":26,"h":32,"ox":0,"oy":0}],"countdown":[{"x":71,"y":0,"w":26,"h":32,"ox":0,"oy":0},{"x":127,"y":0,"w":26,"h":32,"ox":0,"oy":0},{"x":183,"y":0,"w":26,"h":32,"ox":0,"oy":0},{"x":127,"y":0,"w":26,"h":32,"ox":0,"oy":0},{"x":71,"y":0,"w":26,"h":32,"ox":0,"oy":0},{"x":15,"y":0,"w":26,"h":32,"ox":0,"oy":0},{"x":239,"y":0,"w":26,"h":32,"ox":0,"oy":0},{"x":295,"y":0,"w":26,"h":32,"ox":0,"oy":0},{"x":351,"y":0,"w":26,"h":32,"ox":0,"oy":0},{"x":295,"y":0,"w":26,"h":32,"ox":0,"oy":0},{"x":239,"y":0,"w":26,"h":32,"ox":0,"oy":0},{"x":15,"y":0,"w":26,"h":32,"ox":0,"oy":0},{"x":407,"y":0,"w":26,"h":32,"ox":0,"oy":0},{"x":463,"y":0,"w":26,"h":32,"ox":0,"oy":0},{"x":519,"y":0,"w":26,"h":32,"ox":0,"oy":0},{"x":968,"y":1,"w":24,"h":30,"ox":0,"oy":0},{"x":1027,"y":11,"w":17,"h":16,"ox":-1,"oy":3},{"x":1086,"y":15,"w":13,"h":13,"ox":0,"oy":5}],"spawn":[{"x":581,"y":11,"w":14,"h":16,"ox":1,"oy":4},{"x":635,"y":8,"w":17,"h":20,"ox":0,"oy":3},{"x":690,"y":0,"w":22,"h":30,"ox":1,"oy":-1},{"x":744,"y":0,"w":24,"h":31,"ox":0,"oy":-1},{"x":800,"y":0,"w":24,"h":31,"ox":0,"oy":-1},{"x":15,"y":0,"w":26,"h":32,"ox":0,"oy":0}],"explode":[{"x":1128,"y":6,"w":41,"h":28,"ox":0,"oy":4,"atk":{"x":0,"y":0,"w":41,"h":29}},{"x":1182,"y":5,"w":43,"h":29,"ox":0,"oy":4},{"x":1237,"y":5,"w":45,"h":30,"ox":0,"oy":5},{"x":1291,"y":5,"w":49,"h":30,"ox":0,"oy":5},{"x":1346,"y":4,"w":51,"h":30,"ox":0,"oy":4},{"x":1401,"y":4,"w":53,"h":30,"ox":0,"oy":4}]}},"a7_wardh.png":{"frame":{"x":640,"y":20,"w":375,"h":20},"rotated":false,"trimmed":false,"spriteSourceSize":{"x":0,"y":0,"w":375,"h":20},"sourceSize":{"w":375,"h":20},"anim":{"idle":[{"x":2,"y":4,"w":21,"h":15,"ox":0,"oy":0}],"shine":[{"x":52,"y":5,"w":21,"h":14,"ox":0,"oy":1},{"x":77,"y":3,"w":21,"h":16,"ox":0,"oy":0},{"x":102,"y":3,"w":21,"h":16,"ox":0,"oy":0},{"x":127,"y":2,"w":21,"h":17,"ox":0,"oy":-1},{"x":152,"y":1,"w":21,"h":18,"ox":0,"oy":-1},{"x":177,"y":1,"w":21,"h":18,"ox":0,"oy":-1}],"spawn":[{"x":208,"y":13,"w":8,"h":4,"ox":0,"oy":3},{"x":232,"y":10,"w":12,"h":7,"ox":1,"oy":1},{"x":278,"y":6,"w":19,"h":13,"ox":0,"oy":0},{"x":302,"y":4,"w":21,"h":15,"ox":0,"oy":0},{"x":327,"y":4,"w":21,"h":15,"ox":0,"oy":0}]}},"a7_wards.png":{"frame":{"x":1320,"y":20,"w":231,"h":22},"rotated":false,"trimmed":false,"spriteSourceSize":{"x":0,"y":0,"w":231,"h":22},"sourceSize":{"w":231,"h":22},"anim":{"idle":[{"x":5,"y":7,"w":12,"h":14,"ox":0,"oy":0}],"shoot":[{"x":25,"y":7,"w":12,"h":14,"ox":-1,"oy":0},{"x":44,"y":8,"w":12,"h":14,"ox":-3,"oy":1},{"x":67,"y":2,"w":13,"h":19,"ox":-1,"oy":-3},{"x":88,"y":2,"w":16,"h":19,"ox":1,"oy":-3},{"x":110,"y":4,"w":15,"h":17,"ox":1,"oy":-2}],"spawn":[{"x":134,"y":10,"w":5,"h":4,"ox":-1,"oy":-1},{"x":153,"y":9,"w":8,"h":7,"ox":-1,"oy":-1},{"x":174,"y":8,"w":9,"h":12,"ox":-1,"oy":1},{"x":195,"y":8,"w":10,"h":13,"ox":0,"oy":0},{"x":215,"y":7,"w":12,"h":14,"ox":0,"oy":0}]}},"a8_egg.png":{"frame":{"x":350,"y":186,"w":280,"h":32},"rotated":false,"trimmed":false,"spriteSourceSize":{"x":0,"y":0,"w":280,"h":32},"sourceSize":{"w":280,"h":32},"anim":{"idle":[{"x":12,"y":8,"w":19,"h":23,"ox":0,"oy":0}],"death":[{"x":12,"y":8,"w":19,"h":23,"ox":0,"oy":0},{"x":45,"y":1,"w":21,"h":29,"ox":-1,"oy":-4},{"x":80,"y":2,"w":21,"h":29,"ox":-1,"oy":-3},{"x":115,"y":3,"w":21,"h":28,"ox":-1,"oy":-2},{"x":149,"y":2,"w":23,"h":29,"ox":-1,"oy":-3},{"x":183,"y":2,"w":26,"h":28,"ox":0,"oy":-3},{"x":218,"y":2,"w":26,"h":28,"ox":0,"oy":-3},{"x":253,"y":2,"w":26,"h":28,"ox":0,"oy":-3}]}},"a8_egger.png":{"frame":{"x":0,"y":186,"w":350,"h":32},"rotated":false,"trimmed":false,"spriteSourceSize":{"x":0,"y":0,"w":350,"h":32},"sourceSize":{"w":350,"h":32},"anim":{"idle":[{"x":12,"y":8,"w":19,"h":23,"ox":0,"oy":0}],"inactive":[{"x":323,"y":2,"w":26,"h":28,"ox":0,"oy":-3}],"death":[{"x":12,"y":8,"w":19,"h":23,"ox":0,"oy":0},{"x":47,"y":1,"w":19,"h":27,"ox":0,"oy":-5},{"x":82,"y":2,"w":19,"h":26,"ox":0,"oy":-4},{"x":117,"y":3,"w":19,"h":28,"ox":0,"oy":-2},{"x":152,"y":2,"w":20,"h":29,"ox":1,"oy":-3},{"x":187,"y":2,"w":22,"h":30,"ox":2,"oy":-2},{"x":222,"y":2,"w":22,"h":30,"ox":2,"oy":-2},{"x":257,"y":2,"w":22,"h":29,"ox":2,"oy":-3},{"x":292,"y":2,"w":22,"h":29,"ox":2,"oy":-3}]}},"a8_eggest.png":{"frame":{"x":630,"y":186,"w":70,"h":32},"rotated":false,"trimmed":false,"spriteSourceSize":{"x":0,"y":0,"w":70,"h":32},"sourceSize":{"w":70,"h":32},"anim":{"idle":[{"x":12,"y":8,"w":19,"h":23,"ox":0,"oy":0}],"inactive":[{"x":47,"y":2,"w":22,"h":29,"ox":2,"oy":-3}]}},"a8_eye.png":{"frame":{"x":1120,"y":20,"w":200,"h":22},"rotated":false,"trimmed":false,"spriteSourceSize":{"x":0,"y":0,"w":200,"h":22},"sourceSize":{"w":200,"h":22},"anim":{"idle":[{"x":3,"y":7,"w":14,"h":14,"ox":0,"oy":0}],"shoot":[{"x":3,"y":7,"w":14,"h":14,"ox":0,"oy":0},{"x":43,"y":8,"w":14,"h":13,"ox":0,"oy":0},{"x":63,"y":7,"w":14,"h":14,"ox":0,"oy":0},{"x":83,"y":7,"w":14,"h":14,"ox":0,"oy":0}],"spawn":[{"x":101,"y":15,"w":11,"h":6,"ox":-4,"oy":4},{"x":123,"y":10,"w":12,"h":11,"ox":-1,"oy":1},{"x":146,"y":6,"w":11,"h":12,"ox":1,"oy":-2},{"x":163,"y":7,"w":14,"h":14,"ox":0,"oy":0},{"x":183,"y":7,"w":14,"h":14,"ox":0,"oy":0}]}},"a8_head.png":{"frame":{"x":0,"y":474,"w":1218,"h":39},"rotated":false,"trimmed":false,"spriteSourceSize":{"x":0,"y":0,"w":1218,"h":39},"sourceSize":{"w":1218,"h":39},"anim":{"idle":[{"x":5,"y":7,"w":32,"h":28,"ox":0,"oy":0}],"shoot":[{"x":5,"y":7,"w":32,"h":28,"ox":0,"oy":0},{"x":64,"y":7,"w":30,"h":27,"ox":0,"oy":-1},{"x":120,"y":6,"w":33,"h":29,"ox":-1,"oy":-1},{"x":178,"y":6,"w":33,"h":29,"ox":-1,"oy":-1},{"x":236,"y":6,"w":33,"h":29,"ox":-1,"oy":-1},{"x":295,"y":7,"w":32,"h":28,"ox":0,"oy":0}],"attack":[{"x":410,"y":6,"w":33,"h":29,"ox":-1,"oy":-1},{"x":472,"y":7,"w":39,"h":25,"ox":5,"oy":-2,"atk":{"x":17,"y":0,"w":23,"h":25}},{"x":530,"y":7,"w":38,"h":25,"ox":5,"oy":-2,"atk":{"x":14,"y":0,"w":24,"h":25}},{"x":588,"y":7,"w":35,"h":26,"ox":3,"oy":-1},{"x":644,"y":7,"w":33,"h":28,"ox":1,"oy":0}],"mutate":[{"x":64,"y":7,"w":30,"h":27,"ox":-1,"oy":-1},{"x":120,"y":6,"w":33,"h":29,"ox":0,"oy":-1},{"x":700,"y":6,"w":33,"h":29,"ox":0,"oy":-1,"atk":{"x":-4,"y":-6,"w":51,"h":39}},{"x":120,"y":6,"w":33,"h":29,"ox":0,"oy":-1},{"x":700,"y":6,"w":33,"h":29,"ox":0,"oy":-1,"atk":{"x":-4,"y":-6,"w":51,"h":39}},{"x":700,"y":6,"w":33,"h":29,"ox":0,"oy":-1,"atk":{"x":-4,"y":-6,"w":51,"h":39}},{"x":758,"y":6,"w":32,"h":29,"ox":0,"oy":-1},{"x":816,"y":6,"w":32,"h":29,"ox":0,"oy":-1},{"x":874,"y":6,"w":31,"h":28,"ox":-1,"oy":-1},{"x":932,"y":6,"w":31,"h":28,"ox":-1,"oy":-1},{"x":991,"y":6,"w":31,"h":28,"ox":-1,"oy":-1},{"x":1049,"y":6,"w":32,"h":28,"ox":0,"oy":-1},{"x":1049,"y":6,"w":32,"h":28,"ox":0,"oy":-1},{"x":1107,"y":7,"w":32,"h":27,"ox":0,"oy":-1},{"x":1165,"y":7,"w":32,"h":27,"ox":0,"oy":-1}]}},"a8_header.png":{"frame":{"x":0,"y":435,"w":928,"h":39},"rotated":false,"trimmed":false,"spriteSourceSize":{"x":0,"y":0,"w":928,"h":39},"sourceSize":{"w":928,"h":39},"anim":{"idle":[{"x":5,"y":7,"w":32,"h":28,"ox":0,"oy":0}],"attack":[{"x":63,"y":7,"w":29,"h":27,"ox":-2,"oy":-1},{"x":121,"y":6,"w":28,"h":28,"ox":-2,"oy":-1},{"x":179,"y":6,"w":39,"h":28,"ox":3,"oy":-1,"atk":{"x":13,"y":0,"w":26,"h":28}},{"x":237,"y":6,"w":41,"h":28,"ox":4,"oy":-1,"atk":{"x":15,"y":0,"w":26,"h":29}},{"x":295,"y":6,"w":38,"h":28,"ox":3,"oy":-1},{"x":353,"y":7,"w":33,"h":27,"ox":0,"oy":-1}],"spawn":[{"x":5,"y":7,"w":32,"h":28,"ox":0,"oy":0},{"x":5,"y":7,"w":32,"h":28,"ox":0,"oy":0}],"mutate":[{"x":121,"y":6,"w":28,"h":28,"ox":-2,"oy":-1},{"x":411,"y":6,"w":32,"h":28,"ox":0,"oy":-1,"atk":{"x":-3,"y":-6,"w":50,"h":39}},{"x":469,"y":6,"w":33,"h":28,"ox":0,"oy":-1},{"x":411,"y":6,"w":32,"h":28,"ox":0,"oy":-1,"atk":{"x":-3,"y":-6,"w":50,"h":39}},{"x":469,"y":6,"w":33,"h":28,"ox":0,"oy":-1},{"x":469,"y":6,"w":33,"h":28,"ox":0,"oy":-1},{"x":469,"y":6,"w":33,"h":28,"ox":0,"oy":-1},{"x":527,"y":6,"w":33,"h":28,"ox":0,"oy":-1},{"x":585,"y":6,"w":33,"h":28,"ox":0,"oy":-1},{"x":643,"y":6,"w":33,"h":28,"ox":0,"oy":-1},{"x":701,"y":6,"w":33,"h":27,"ox":0,"oy":-2},{"x":759,"y":6,"w":34,"h":27,"ox":1,"oy":-2},{"x":817,"y":6,"w":34,"h":27,"ox":1,"oy":-2},{"x":817,"y":6,"w":34,"h":27,"ox":1,"oy":-2},{"x":875,"y":6,"w":34,"h":29,"ox":1,"oy":-1}]}},"a8_headest.png":{"frame":{"x":1184,"y":396,"w":406,"h":39},"rotated":false,"trimmed":false,"spriteSourceSize":{"x":0,"y":0,"w":406,"h":39},"sourceSize":{"w":406,"h":39},"anim":{"idle":[{"x":5,"y":6,"w":34,"h":29,"ox":0,"oy":0}],"attack":[{"x":5,"y":6,"w":34,"h":29,"ox":0,"oy":0},{"x":63,"y":6,"w":34,"h":28,"ox":0,"oy":0},{"x":120,"y":6,"w":34,"h":29,"ox":-1,"oy":0},{"x":182,"y":6,"w":40,"h":28,"ox":6,"oy":0,"atk":{"x":11,"y":0,"w":29,"h":28}},{"x":240,"y":6,"w":40,"h":27,"ox":6,"oy":-1},{"x":297,"y":6,"w":37,"h":27,"ox":3,"oy":-1},{"x":353,"y":6,"w":36,"h":29,"ox":1,"oy":0}],"spawn":[{"x":5,"y":6,"w":34,"h":29,"ox":0,"oy":0},{"x":5,"y":6,"w":34,"h":29,"ox":0,"oy":0}]}},"a8_mainbody.png":{"frame":{"x":1344,"y":513,"w":176,"h":81},"rotated":false,"trimmed":false,"spriteSourceSize":{"x":0,"y":0,"w":176,"h":81},"sourceSize":{"w":176,"h":81},"anim":{"idle":[{"x":0,"y":0,"w":176,"h":81,"ox":0,"oy":0}],"inactive":[{"x":0,"y":0,"w":176,"h":81,"ox":0,"oy":0}]}},"a8_spike.png":{"frame":{"x":501,"y":0,"w":270,"h":18},"rotated":false,"trimmed":false,"spriteSourceSize":{"x":0,"y":0,"w":270,"h":18},"sourceSize":{"w":270,"h":18},"anim":{"idle":[{"x":6,"y":8,"w":15,"h":10,"ox":0,"oy":0}],"attack":[{"x":34,"y":9,"w":13,"h":9,"ox":0,"oy":0},{"x":57,"y":4,"w":21,"h":13,"ox":0,"oy":-3,"atk":{"x":-3,"y":-3,"w":27,"h":17}},{"x":82,"y":3,"w":25,"h":13,"ox":0,"oy":-4,"atk":{"x":0,"y":0,"w":24,"h":13}},{"x":108,"y":2,"w":27,"h":14,"ox":0,"oy":-4,"atk":{"x":1,"y":1,"w":25,"h":12}}],"spawn":[{"x":145,"y":11,"w":8,"h":6,"ox":1,"oy":1},{"x":169,"y":8,"w":13,"h":9,"ox":0,"oy":-1},{"x":196,"y":9,"w":13,"h":8,"ox":0,"oy":0},{"x":222,"y":8,"w":15,"h":10,"ox":0,"oy":0},{"x":249,"y":8,"w":15,"h":10,"ox":0,"oy":0}]}},"a9_abyssform.png":{"frame":{"x":230,"y":358,"w":513,"h":37},"rotated":false,"trimmed":false,"spriteSourceSize":{"x":0,"y":0,"w":513,"h":37},"sourceSize":{"w":513,"h":37},"anim":{"idle":[{"x":8,"y":5,"w":29,"h":32,"ox":0,"oy":0}],"attack":[{"x":65,"y":6,"w":30,"h":31,"ox":1,"oy":0},{"x":123,"y":9,"w":34,"h":28,"ox":4,"oy":2},{"x":180,"y":9,"w":35,"h":28,"ox":4,"oy":2},{"x":239,"y":8,"w":37,"h":29,"ox":7,"oy":1},{"x":294,"y":7,"w":45,"h":30,"ox":9,"oy":1,"atk":{"x":18,"y":0,"w":30,"h":30}},{"x":346,"y":7,"w":52,"h":30,"ox":8,"oy":1},{"x":406,"y":5,"w":48,"h":32,"ox":9,"oy":0},{"x":463,"y":5,"w":49,"h":32,"ox":9,"oy":0}]}},"a9_bloom.png":{"frame":{"x":0,"y":358,"w":230,"h":37},"rotated":false,"trimmed":false,"spriteSourceSize":{"x":0,"y":0,"w":230,"h":37},"sourceSize":{"w":230,"h":37},"anim":{"idle":[{"x":4,"y":8,"w":15,"h":29,"ox":0,"oy":0}],"shatter":[{"x":4,"y":8,"w":15,"h":29,"ox":0,"oy":0},{"x":27,"y":8,"w":15,"h":29,"ox":0,"oy":0},{"x":50,"y":8,"w":15,"h":29,"ox":0,"oy":0},{"x":50,"y":8,"w":15,"h":29,"ox":0,"oy":0},{"x":50,"y":8,"w":15,"h":29,"ox":0,"oy":0},{"x":74,"y":9,"w":14,"h":23,"ox":1,"oy":-2},{"x":95,"y":7,"w":17,"h":22,"ox":0,"oy":-4},{"x":117,"y":6,"w":19,"h":21,"ox":0,"oy":-6},{"x":141,"y":3,"w":18,"h":21,"ox":1,"oy":-9},{"x":164,"y":3,"w":18,"h":18,"ox":1,"oy":-10},{"x":187,"y":9,"w":17,"h":11,"ox":0,"oy":-8},{"x":217,"y":10,"w":9,"h":4,"ox":3,"oy":-10}]}},"a9_crawloid.png":{"frame":{"x":456,"y":69,"w":494,"h":26},"rotated":false,"trimmed":false,"spriteSourceSize":{"x":0,"y":0,"w":494,"h":26},"sourceSize":{"w":494,"h":26},"anim":{"idle":[{"x":4,"y":2,"w":22,"h":23,"ox":0,"oy":0}],"attack":[{"x":42,"y":1,"w":23,"h":24,"ox":0,"oy":0},{"x":79,"y":1,"w":24,"h":24,"ox":0,"oy":0},{"x":115,"y":4,"w":36,"h":21,"ox":4,"oy":1,"atk":{"x":10,"y":0,"w":26,"h":21}},{"x":155,"y":3,"w":28,"h":22,"ox":2,"oy":1},{"x":193,"y":2,"w":22,"h":23,"ox":-1,"oy":0}],"spawn":[{"x":230,"y":4,"w":10,"h":7,"ox":-10,"oy":-7},{"x":271,"y":5,"w":14,"h":15,"ox":-4,"oy":-1},{"x":309,"y":6,"w":18,"h":17,"ox":-1,"oy":1},{"x":347,"y":5,"w":19,"h":18,"ox":-1,"oy":1},{"x":383,"y":3,"w":22,"h":22,"ox":-1,"oy":1},{"x":422,"y":1,"w":22,"h":24,"ox":0,"oy":0},{"x":460,"y":1,"w":22,"h":24,"ox":0,"oy":0}]}},"a9_cycloid.png":{"frame":{"x":612,"y":396,"w":572,"h":38},"rotated":false,"trimmed":false,"spriteSourceSize":{"x":0,"y":0,"w":572,"h":38},"sourceSize":{"w":572,"h":38},"anim":{"idle":[{"x":6,"y":6,"w":24,"h":31,"ox":0,"oy":0}],"attack":[{"x":58,"y":4,"w":26,"h":33,"ox":1,"oy":-1},{"x":107,"y":11,"w":28,"h":26,"ox":-1,"oy":3},{"x":160,"y":10,"w":25,"h":27,"ox":-2,"oy":2},{"x":215,"y":7,"w":21,"h":30,"ox":-1,"oy":1},{"x":265,"y":7,"w":25,"h":30,"ox":-1,"oy":1},{"x":317,"y":12,"w":40,"h":25,"ox":7,"oy":3,"atk":{"x":12,"y":0,"w":28,"h":25}},{"x":365,"y":12,"w":46,"h":25,"ox":6,"oy":3},{"x":417,"y":12,"w":46,"h":25,"ox":6,"oy":3},{"x":472,"y":7,"w":43,"h":30,"ox":7,"oy":1},{"x":527,"y":4,"w":40,"h":33,"ox":9,"oy":-1}]}},"a9_cycrocid.png":{"frame":{"x":544,"y":285,"w":576,"h":36},"rotated":false,"trimmed":false,"spriteSourceSize":{"x":0,"y":0,"w":576,"h":36},"sourceSize":{"w":576,"h":36},"anim":{"idle":[{"x":6,"y":7,"w":22,"h":26,"ox":0,"oy":0}],"shoot":[{"x":54,"y":8,"w":22,"h":25,"ox":0,"oy":0},{"x":102,"y":9,"w":23,"h":24,"ox":0,"oy":1},{"x":149,"y":9,"w":25,"h":24,"ox":0,"oy":1},{"x":198,"y":7,"w":22,"h":26,"ox":0,"oy":0},{"x":249,"y":5,"w":19,"h":28,"ox":1,"oy":-1},{"x":297,"y":5,"w":22,"h":28,"ox":3,"oy":-1},{"x":345,"y":6,"w":21,"h":27,"ox":2,"oy":-1},{"x":393,"y":7,"w":20,"h":26,"ox":2,"oy":0},{"x":441,"y":7,"w":20,"h":26,"ox":2,"oy":0}],"tremble":[{"x":488,"y":7,"w":23,"h":26,"ox":2,"oy":0},{"x":537,"y":7,"w":23,"h":26,"ox":3,"oy":0}],"tremblefull":[{"x":6,"y":7,"w":22,"h":26,"ox":0,"oy":0},{"x":54,"y":8,"w":22,"h":25,"ox":0,"oy":0},{"x":102,"y":9,"w":23,"h":24,"ox":0,"oy":1},{"x":149,"y":9,"w":25,"h":24,"ox":0,"oy":1},{"x":198,"y":7,"w":22,"h":26,"ox":0,"oy":0},{"x":249,"y":5,"w":19,"h":28,"ox":1,"oy":-1},{"x":488,"y":7,"w":23,"h":26,"ox":2,"oy":0},{"x":537,"y":7,"w":23,"h":26,"ox":3,"oy":0}]}},"a9_eyeoid.png":{"frame":{"x":656,"y":43,"w":510,"h":24},"rotated":false,"trimmed":false,"spriteSourceSize":{"x":0,"y":0,"w":510,"h":24},"sourceSize":{"w":510,"h":24},"anim":{"idle":[{"x":3,"y":1,"w":20,"h":21,"ox":0,"oy":0}],"attack":[{"x":39,"y":1,"w":20,"h":21,"ox":2,"oy":0},{"x":74,"y":1,"w":20,"h":22,"ox":3,"oy":1},{"x":204,"y":1,"w":33,"h":19,"ox":3,"oy":-1,"atk":{"x":10,"y":0,"w":23,"h":19}},{"x":240,"y":1,"w":27,"h":20,"ox":2,"oy":0},{"x":275,"y":1,"w":21,"h":21,"ox":0,"oy":0}],"shoot":[{"x":39,"y":1,"w":20,"h":21,"ox":2,"oy":0},{"x":74,"y":1,"w":20,"h":22,"ox":3,"oy":1},{"x":102,"y":1,"w":20,"h":19,"ox":0,"oy":-1},{"x":138,"y":1,"w":21,"h":20,"ox":0,"oy":0}],"emerge":[{"x":345,"y":4,"w":15,"h":15,"ox":1,"oy":0},{"x":378,"y":3,"w":18,"h":17,"ox":2,"oy":0},{"x":411,"y":2,"w":20,"h":19,"ox":0,"oy":0},{"x":446,"y":2,"w":18,"h":19,"ox":0,"oy":0},{"x":479,"y":1,"w":20,"h":21,"ox":0,"oy":0}],"inactive":[{"x":314,"y":8,"w":6,"h":6,"ox":0,"oy":0}]}},"a9_jelloid.png":{"frame":{"x":880,"y":218,"w":390,"h":33},"rotated":false,"trimmed":false,"spriteSourceSize":{"x":0,"y":0,"w":390,"h":33},"sourceSize":{"w":390,"h":33},"anim":{"idle":[{"x":5,"y":6,"w":15,"h":27,"ox":0,"oy":0}],"shoot":[{"x":32,"y":11,"w":19,"h":20,"ox":-1,"oy":2},{"x":62,"y":12,"w":19,"h":20,"ox":-1,"oy":3},{"x":93,"y":1,"w":21,"h":27,"ox":1,"oy":-5},{"x":121,"y":4,"w":23,"h":25,"ox":0,"oy":-3},{"x":156,"y":5,"w":15,"h":27,"ox":1,"oy":-1}],"inactive":[{"x":187,"y":23,"w":13,"h":8,"ox":-1,"oy":10}],"emerge":[{"x":220,"y":14,"w":12,"h":14,"ox":3,"oy":3},{"x":247,"y":8,"w":12,"h":19,"ox":0,"oy":-1},{"x":277,"y":6,"w":13,"h":25,"ox":0,"oy":0},{"x":305,"y":6,"w":15,"h":26,"ox":0,"oy":0},{"x":5,"y":6,"w":15,"h":27,"ox":0,"oy":0}],"attack":[{"x":32,"y":11,"w":19,"h":20,"ox":-1,"oy":2},{"x":62,"y":12,"w":19,"h":20,"ox":-1,"oy":3},{"x":333,"y":6,"w":27,"h":23,"ox":5,"oy":0,"atk":{"x":5,"y":0,"w":22,"h":23}},{"x":362,"y":6,"w":24,"h":23,"ox":3,"oy":-2},{"x":121,"y":4,"w":23,"h":25,"ox":0,"oy":-3},{"x":156,"y":5,"w":15,"h":27,"ox":1,"oy":-1}]}},"a9_slurpoid.png":{"frame":{"x":1551,"y":20,"w":224,"h":23},"rotated":false,"trimmed":false,"spriteSourceSize":{"x":0,"y":0,"w":224,"h":23},"sourceSize":{"w":224,"h":23},"anim":{"idle":[{"x":3,"y":3,"w":20,"h":20,"ox":0,"oy":0}],"attack":[{"x":34,"y":3,"w":20,"h":20,"ox":-1,"oy":0},{"x":65,"y":5,"w":18,"h":18,"ox":-3,"oy":1},{"x":102,"y":3,"w":21,"h":20,"ox":3,"oy":0,"atk":{"x":8,"y":0,"w":19,"h":20}},{"x":134,"y":3,"w":22,"h":20,"ox":4,"oy":0,"atk":{"x":8,"y":0,"w":20,"h":20}},{"x":166,"y":3,"w":21,"h":20,"ox":3,"oy":0,"atk":{"x":8,"y":0,"w":19,"h":20}},{"x":198,"y":3,"w":20,"h":20,"ox":3,"oy":0,"atk":{"x":8,"y":0,"w":18,"h":20}}]}},"a9_spawnoid.png":{"frame":{"x":480,"y":218,"w":400,"h":33},"rotated":false,"trimmed":false,"spriteSourceSize":{"x":0,"y":0,"w":400,"h":33},"sourceSize":{"w":400,"h":33},"anim":{"idle":[{"x":1,"y":5,"w":29,"h":27,"ox":0,"oy":0}],"spew":[{"x":41,"y":6,"w":29,"h":26,"ox":0,"oy":1},{"x":81,"y":6,"w":28,"h":26,"ox":0,"oy":1},{"x":121,"y":4,"w":29,"h":28,"ox":0,"oy":0},{"x":161,"y":5,"w":29,"h":27,"ox":0,"oy":0,"atk":{"x":-8,"y":0,"w":45,"h":27}},{"x":161,"y":5,"w":29,"h":27,"ox":0,"oy":0,"atk":{"x":-8,"y":0,"w":45,"h":27}},{"x":201,"y":4,"w":31,"h":28,"ox":1,"oy":0},{"x":241,"y":3,"w":32,"h":29,"ox":2,"oy":-1},{"x":281,"y":2,"w":36,"h":30,"ox":4,"oy":-1},{"x":321,"y":3,"w":37,"h":29,"ox":4,"oy":-1},{"x":361,"y":5,"w":38,"h":27,"ox":5,"oy":0}]}},"a9_springshoot.png":{"frame":{"x":0,"y":513,"w":1344,"h":54},"rotated":false,"trimmed":false,"spriteSourceSize":{"x":0,"y":0,"w":1344,"h":54},"sourceSize":{"w":1344,"h":54},"anim":{"idle":[{"x":10,"y":8,"w":25,"h":46,"ox":0,"oy":0}],"attack":[{"x":1019,"y":9,"w":24,"h":45,"ox":1,"oy":0},{"x":1067,"y":9,"w":25,"h":45,"ox":1,"oy":0},{"x":1115,"y":7,"w":23,"h":47,"ox":0,"oy":-1},{"x":1211,"y":7,"w":28,"h":47,"ox":3,"oy":-1,"atk":{"x":10,"y":19,"w":21,"h":28}},{"x":1259,"y":7,"w":24,"h":47,"ox":1,"oy":-1},{"x":1308,"y":7,"w":23,"h":47,"ox":1,"oy":-1}],"shoot":[{"x":59,"y":7,"w":24,"h":47,"ox":1,"oy":-1},{"x":106,"y":7,"w":23,"h":47,"ox":-1,"oy":-1},{"x":155,"y":9,"w":20,"h":45,"ox":-1,"oy":0},{"x":203,"y":10,"w":27,"h":44,"ox":2,"oy":1},{"x":249,"y":16,"w":30,"h":38,"ox":2,"oy":4},{"x":296,"y":16,"w":31,"h":38,"ox":1,"oy":4},{"x":342,"y":15,"w":31,"h":39,"ox":-1,"oy":3},{"x":393,"y":9,"w":26,"h":45,"ox":0,"oy":0}],"emerge":[{"x":443,"y":37,"w":21,"h":17,"ox":-1,"oy":14},{"x":443,"y":37,"w":21,"h":17,"ox":-1,"oy":14},{"x":443,"y":37,"w":21,"h":17,"ox":-1,"oy":14},{"x":491,"y":33,"w":21,"h":21,"ox":-1,"oy":12},{"x":542,"y":31,"w":21,"h":23,"ox":2,"oy":11},{"x":592,"y":26,"w":21,"h":28,"ox":4,"oy":9},{"x":642,"y":15,"w":21,"h":39,"ox":6,"oy":3},{"x":683,"y":8,"w":23,"h":46,"ox":0,"oy":0},{"x":728,"y":9,"w":22,"h":45,"ox":-3,"oy":0},{"x":778,"y":10,"w":23,"h":44,"ox":-1,"oy":1},{"x":827,"y":9,"w":24,"h":45,"ox":1,"oy":0},{"x":874,"y":8,"w":25,"h":46,"ox":0,"oy":0},{"x":922,"y":8,"w":25,"h":46,"ox":0,"oy":0}],"inactive":[{"x":443,"y":37,"w":21,"h":17,"ox":-1,"oy":14}]}},"a9_wormoid.png":{"frame":{"x":294,"y":0,"w":135,"h":18},"rotated":false,"trimmed":false,"spriteSourceSize":{"x":0,"y":0,"w":135,"h":18},"sourceSize":{"w":135,"h":18},"anim":{"idle":[{"x":5,"y":3,"w":13,"h":15,"ox":0,"oy":0}],"attack":[{"x":30,"y":4,"w":12,"h":14,"ox":-2,"oy":1},{"x":59,"y":4,"w":20,"h":14,"ox":4,"oy":1,"atk":{"x":5,"y":0,"w":15,"h":14}},{"x":86,"y":5,"w":18,"h":13,"ox":3,"oy":1},{"x":113,"y":4,"w":14,"h":14,"ox":1,"oy":1}]}},"char_m.png":{"frame":{"x":700,"y":186,"w":1104,"h":32},"rotated":false,"trimmed":false,"spriteSourceSize":{"x":0,"y":0,"w":1104,"h":32},"sourceSize":{"w":1104,"h":32},"anim":{"idle":[{"x":6,"y":7,"w":16,"h":24,"ox":0,"oy":0}],"move":[{"x":52,"y":8,"w":19,"h":23,"ox":0,"oy":0},{"x":101,"y":7,"w":17,"h":24,"ox":0,"oy":0},{"x":149,"y":8,"w":16,"h":23,"ox":0,"oy":0},{"x":197,"y":7,"w":17,"h":24,"ox":0,"oy":0}],"attack":[{"x":289,"y":8,"w":22,"h":23,"ox":-2,"oy":0},{"x":343,"y":8,"w":26,"h":23,"ox":6,"oy":0,"atk":{"x":13,"y":0,"w":13,"h":23}},{"x":391,"y":8,"w":28,"h":23,"ox":7,"oy":0,"atk":{"x":13,"y":0,"w":15,"h":23}},{"x":439,"y":7,"w":18,"h":24,"ox":2,"oy":0}],"bash":[{"x":535,"y":7,"w":13,"h":24,"ox":-1,"oy":0},{"x":582,"y":8,"w":25,"h":23,"ox":4,"oy":0,"atk":{"x":15,"y":0,"w":12,"h":23}},{"x":629,"y":8,"w":26,"h":23,"ox":4,"oy":0},{"x":677,"y":8,"w":25,"h":23,"ox":3,"oy":0},{"x":725,"y":8,"w":20,"h":23,"ox":1,"oy":0}],"crit":[{"x":820,"y":4,"w":18,"h":27,"ox":-1,"oy":-2},{"x":871,"y":6,"w":27,"h":25,"ox":6,"oy":-1,"atk":{"x":13,"y":0,"w":14,"h":25}},{"x":920,"y":8,"w":26,"h":23,"ox":7,"oy":0},{"x":967,"y":7,"w":20,"h":24,"ox":3,"oy":0}],"poses":[{"x":1014,"y":7,"w":17,"h":24,"ox":0,"oy":0},{"x":1061,"y":7,"w":16,"h":24,"ox":-1,"oy":0}]}},"interactibles.png":{"frame":{"x":771,"y":0,"w":324,"h":18},"rotated":false,"trimmed":false,"spriteSourceSize":{"x":0,"y":0,"w":324,"h":18},"sourceSize":{"w":324,"h":18},"anim":{"chest":[{"x":1,"y":1,"w":16,"h":16,"ox":0,"oy":0},{"x":19,"y":1,"w":16,"h":16,"ox":0,"oy":0}],"dirt":[{"x":37,"y":1,"w":16,"h":16,"ox":0,"oy":0},{"x":55,"y":1,"w":16,"h":16,"ox":0,"oy":0}],"spring":[{"x":73,"y":1,"w":16,"h":16,"ox":0,"oy":0},{"x":91,"y":1,"w":16,"h":16,"ox":0,"oy":0}],"mimic":[{"x":109,"y":1,"w":16,"h":16,"ox":0,"oy":0},{"x":127,"y":1,"w":16,"h":16,"ox":0,"oy":0}],"vortex":[{"x":145,"y":1,"w":16,"h":16,"ox":0,"oy":0},{"x":163,"y":1,"w":16,"h":16,"ox":0,"oy":0}],"warp":[{"x":181,"y":1,"w":16,"h":16,"ox":0,"oy":0},{"x":199,"y":1,"w":16,"h":16,"ox":0,"oy":0}],"flag":[{"x":217,"y":1,"w":16,"h":16,"ox":0,"oy":0},{"x":235,"y":1,"w":16,"h":16,"ox":0,"oy":0}],"shroom":[{"x":253,"y":1,"w":16,"h":16,"ox":0,"oy":0},{"x":271,"y":1,"w":16,"h":16,"ox":0,"oy":0}],"invisible":[{"x":289,"y":1,"w":16,"h":16,"ox":0,"oy":0},{"x":307,"y":1,"w":16,"h":16,"ox":0,"oy":0}]}},"proj_apull.png":{"frame":{"x":18,"y":0,"w":64,"h":16},"rotated":false,"trimmed":false,"spriteSourceSize":{"x":0,"y":0,"w":64,"h":16},"sourceSize":{"w":64,"h":16},"anim":{"apull":[{"x":2,"y":3,"w":9,"h":11,"ox":0,"oy":0}],"animation":[{"x":2,"y":3,"w":9,"h":11,"ox":0,"oy":0},{"x":20,"y":3,"w":6,"h":11,"ox":1,"oy":0},{"x":36,"y":3,"w":5,"h":7,"ox":0,"oy":-1},{"x":53,"y":5,"w":2,"h":3,"ox":0,"oy":-1}]}},"proj_lance.png":{"frame":{"x":0,"y":0,"w":18,"h":3},"rotated":false,"trimmed":false,"spriteSourceSize":{"x":0,"y":0,"w":18,"h":3},"sourceSize":{"w":18,"h":3},"anim":{"lance":[{"x":0,"y":0,"w":18,"h":3,"ox":0,"oy":0,"atk":{"x":4,"y":0,"w":10,"h":3}}]}},"proj_rock.png":{"frame":{"x":429,"y":0,"w":72,"h":18},"rotated":false,"trimmed":false,"spriteSourceSize":{"x":0,"y":0,"w":72,"h":18},"sourceSize":{"w":72,"h":18},"anim":{"rock":[{"x":2,"y":2,"w":14,"h":14,"ox":0,"oy":0,"atk":{"x":5,"y":5,"w":4,"h":4}}],"animation":[{"x":2,"y":2,"w":14,"h":14,"ox":0,"oy":0,"atk":{"x":5,"y":5,"w":4,"h":4}},{"x":37,"y":2,"w":16,"h":15,"ox":0,"oy":0},{"x":55,"y":3,"w":16,"h":15,"ox":0,"oy":1}]}},"proj_rockbig.png":{"frame":{"x":226,"y":0,"w":68,"h":17},"rotated":false,"trimmed":false,"spriteSourceSize":{"x":0,"y":0,"w":68,"h":17},"sourceSize":{"w":68,"h":17},"anim":{"rockbig":[{"x":2,"y":3,"w":13,"h":12,"ox":0,"oy":0,"atk":{"x":5,"y":5,"w":3,"h":3}}],"animation":[{"x":2,"y":3,"w":13,"h":12,"ox":0,"oy":0,"atk":{"x":5,"y":5,"w":3,"h":3}},{"x":19,"y":3,"w":13,"h":12,"ox":0,"oy":0},{"x":35,"y":3,"w":15,"h":12,"ox":0,"oy":0},{"x":52,"y":4,"w":15,"h":12,"ox":0,"oy":1}]}},"projectiles.png":{"frame":{"x":82,"y":0,"w":144,"h":16},"rotated":false,"trimmed":false,"spriteSourceSize":{"x":0,"y":0,"w":144,"h":16},"sourceSize":{"w":144,"h":16},"anim":{"attack":[{"x":34,"y":4,"w":12,"h":9,"ox":0,"oy":0}],"arrow":[{"x":18,"y":4,"w":12,"h":9,"ox":0,"oy":0}],"seed":[{"x":5,"y":5,"w":7,"h":6,"ox":0,"oy":0}],"splash":[{"x":49,"y":0,"w":12,"h":16,"ox":0,"oy":0}],"orb":[{"x":66,"y":2,"w":12,"h":12,"ox":0,"oy":0}],"rock":[{"x":80,"y":0,"w":16,"h":16,"ox":0,"oy":0}],"shuriken":[{"x":99,"y":3,"w":10,"h":10,"ox":0,"oy":0,"atk":{"x":3,"y":3,"w":4,"h":4}}],"lance":[{"x":112,"y":6,"w":16,"h":3,"ox":0,"oy":0}],"spore":[{"x":131,"y":3,"w":10,"h":10,"ox":0,"oy":0}]}}},"meta":{"app":"http://www.codeandweb.com/texturepacker","version":"1.0","image":"entities.png","format":"RGBA8888","size":{"w":1856,"h":834},"scale":"1","smartupdate":"$TexturePacker:SmartUpdate:f836c64db1bd5589dabb429992cea527:2c779ec5dc3ddcc023d7a2789333adb5:d80676a5e85c5032e708efda4f84d8e3$"}}